id	project	match	up_exit	rs_exit	up_bytes	rs_bytes	up_sha256	rs_sha256	bundle(up/rs)	stage(up/rs)	blocks	keys	up_stderr	rs_stderr
01-explicit-path-beats-current-stage	ws	same	0	0	28005	28005	959e46158ba0dd83	959e46158ba0dd83	5059e0882b2d5ece/5059e0882b2d5ece	requirements-analysis/requirements-analysis	1/1	subagent_type|prompt/subagent_type|prompt	-	-
02-no-signal-binds-current-stage	ws	same	0	0	28039	28039	cb41431440cc120f	cb41431440cc120f	b503b83fe1f6fa4f/b503b83fe1f6fa4f	code-generation/code-generation	1/1	subagent_type|prompt/subagent_type|prompt	-	-
03-unique-slug-loses-to-current-stage	ws	same	0	0	28040	28040	694e656c08152dba	694e656c08152dba	b503b83fe1f6fa4f/b503b83fe1f6fa4f	code-generation/code-generation	1/1	subagent_type|prompt/subagent_type|prompt	-	-
04-explicit-path-unknown-slug-falls-back	ws	same	0	0	28062	28062	29f9f171c9d320f8	29f9f171c9d320f8	b503b83fe1f6fa4f/b503b83fe1f6fa4f	code-generation/code-generation	1/1	subagent_type|prompt/subagent_type|prompt	-	-
05-explicit-path-uppercase-slug-falls-back	ws	same	0	0	28061	28061	4223aeb1924a1b8d	4223aeb1924a1b8d	b503b83fe1f6fa4f/b503b83fe1f6fa4f	code-generation/code-generation	1/1	subagent_type|prompt/subagent_type|prompt	-	-
06-explicit-path-backslash-separators	ws	same	0	0	28037	28037	f8bae2d8b7b4b439	f8bae2d8b7b4b439	b503b83fe1f6fa4f/b503b83fe1f6fa4f	code-generation/code-generation	1/1	subagent_type|prompt/subagent_type|prompt	-	-
07-explicit-path-mdx-suffix-rejected	ws	same	0	0	28036	28036	b833fecc4898cdac	b833fecc4898cdac	b503b83fe1f6fa4f/b503b83fe1f6fa4f	code-generation/code-generation	1/1	subagent_type|prompt/subagent_type|prompt	-	-
08-tool-agent	ws	same	0	0	28002	28002	c9806b459c379a76	c9806b459c379a76	b503b83fe1f6fa4f/b503b83fe1f6fa4f	code-generation/code-generation	1/1	subagent_type|prompt/subagent_type|prompt	-	-
09-tool-spawn-agent	ws	same	0	0	28002	28002	c9806b459c379a76	c9806b459c379a76	b503b83fe1f6fa4f/b503b83fe1f6fa4f	code-generation/code-generation	1/1	subagent_type|prompt/subagent_type|prompt	-	-
10-tool-name-uppercase	ws	same	0	0	28002	28002	c9806b459c379a76	c9806b459c379a76	b503b83fe1f6fa4f/b503b83fe1f6fa4f	code-generation/code-generation	1/1	subagent_type|prompt/subagent_type|prompt	-	-
11-tool-not-a-dispatch-tool	ws	same	0	0	0	0	-	-	-/-	-/-	0/0	-/-	-	-
12-agent-not-aidlc	ws	same	0	0	0	0	-	-	-/-	-/-	0/0	-/-	-	-
13-agent-exempt-composer	ws	same	0	0	0	0	-	-	-/-	-/-	0/0	-/-	-	-
14-agent-file-absent	ws	same	0	0	0	0	-	-	-/-	-/-	0/0	-/-	-	-
15-agent-name-shape-rejected	ws	same	0	0	0	0	-	-	-/-	-/-	0/0	-/-	-	-
16-agent-field-agent-type	ws	same	0	0	27999	27999	03b8c4963f98ab23	03b8c4963f98ab23	b503b83fe1f6fa4f/b503b83fe1f6fa4f	code-generation/code-generation	1/1	agent_type|prompt/agent_type|prompt	-	-
17-agent-field-agent	ws	same	0	0	27994	27994	6d8c44a3b34f6207	6d8c44a3b34f6207	b503b83fe1f6fa4f/b503b83fe1f6fa4f	code-generation/code-generation	1/1	agent|prompt/agent|prompt	-	-
18-agent-field-role	ws	same	0	0	27993	27993	5fbbb9de46264200	5fbbb9de46264200	b503b83fe1f6fa4f/b503b83fe1f6fa4f	code-generation/code-generation	1/1	role|prompt/role|prompt	-	-
19-agent-field-precedence-subagent-type-wins	ws	same	0	0	0	0	-	-	-/-	-/-	0/0	-/-	-	-
20-prompt-field-message	ws	same	0	0	28003	28003	4bacb12192885a68	4bacb12192885a68	b503b83fe1f6fa4f/b503b83fe1f6fa4f	code-generation/code-generation	1/1	subagent_type|message/subagent_type|message	-	-
21-prompt-field-description	ws	same	0	0	28007	28007	395bd1a4fe0761bd	395bd1a4fe0761bd	b503b83fe1f6fa4f/b503b83fe1f6fa4f	code-generation/code-generation	1/1	subagent_type|description/subagent_type|description	-	-
22-prompt-field-task	ws	same	0	0	28000	28000	d22ad61a66d0015a	d22ad61a66d0015a	b503b83fe1f6fa4f/b503b83fe1f6fa4f	code-generation/code-generation	1/1	subagent_type|task/subagent_type|task	-	-
23-prompt-field-priority-prompt-over-message	ws	same	0	0	28085	28085	9ec37877d0c5aa15	9ec37877d0c5aa15	b503b83fe1f6fa4f/b503b83fe1f6fa4f	code-generation/code-generation	1/1	message|subagent_type|prompt/message|subagent_type|prompt	-	-
24-prompt-empty-string	ws	same	0	0	0	0	-	-	-/-	-/-	0/0	-/-	-	-
25-prompt-non-string-falls-to-items	ws	same	0	0	28096	28096	e4320b66a2d28c81	e4320b66a2d28c81	b503b83fe1f6fa4f/b503b83fe1f6fa4f	code-generation/code-generation	1/1	subagent_type|prompt|items/subagent_type|prompt|items	-	-
26-items-two-entries-joined	ws	same	0	0	28119	28119	b390dca4408f451b	b390dca4408f451b	b503b83fe1f6fa4f/b503b83fe1f6fa4f	code-generation/code-generation	1/1	subagent_type|items/subagent_type|items	-	-
27-items-with-non-text-entry	ws	same	0	0	28102	28102	ed5db460f06e79fc	ed5db460f06e79fc	b503b83fe1f6fa4f/b503b83fe1f6fa4f	code-generation/code-generation	1/1	subagent_type|items/subagent_type|items	-	-
28-no-prompt-fields-at-all	ws	same	0	0	0	0	-	-	-/-	-/-	0/0	-/-	-	-
29-key-order-is-preserved	ws	same	0	0	28032	28032	476c41ba066a49f4	476c41ba066a49f4	b503b83fe1f6fa4f/b503b83fe1f6fa4f	code-generation/code-generation	1/1	zeta|prompt|alpha|subagent_type|middle/zeta|prompt|alpha|subagent_type|middle	-	-
30-subagent-stages	ws	same	0	0	28048	28048	1df5b2d02a58aebc	1df5b2d02a58aebc	b503b83fe1f6fa4f/b503b83fe1f6fa4f	code-generation/code-generation	1/1	stages/stages	-	-
31-subagent-two-stages-different-paths	ws	same	0	0	56012	56012	08bdde29b3c4a7e0	08bdde29b3c4a7e0	b503b83fe1f6fa4f/b503b83fe1f6fa4f	code-generation/code-generation	2/2	stages/stages	-	-
32-subagent-stage-role-not-aidlc	ws	same	0	0	0	0	-	-	-/-	-/-	0/0	-/-	-	-
33-subagent-stage-template-not-string	ws	same	0	0	0	0	-	-	-/-	-/-	0/0	-/-	-	-
34-subagent-stage-not-an-object	ws	same	0	0	28057	28057	59cc5ed7ddbe170b	59cc5ed7ddbe170b	b503b83fe1f6fa4f/b503b83fe1f6fa4f	code-generation/code-generation	1/1	stages/stages	-	-
35-subagent-stages-missing	ws	same	0	0	0	0	-	-	-/-	-/-	0/0	-/-	-	-
36-tool-input-missing	ws	same	0	0	0	0	-	-	-/-	-/-	0/0	-/-	-	-
37-tool-name-missing	ws	same	0	0	0	0	-	-	-/-	-/-	0/0	-/-	-	-
38-slug-adjacent-word-char-is-not-a-mention	ws	same	0	0	28016	28016	2c157c0e9dd44f76	2c157c0e9dd44f76	b503b83fe1f6fa4f/b503b83fe1f6fa4f	code-generation/code-generation	1/1	subagent_type|prompt/subagent_type|prompt	-	-
40-path-needs-a-separator-before-stages	ws	same	0	0	28035	28035	eb9414990cd6bacc	eb9414990cd6bacc	b503b83fe1f6fa4f/b503b83fe1f6fa4f	code-generation/code-generation	1/1	subagent_type|prompt/subagent_type|prompt	-	-
41-path-with-a-leading-slash-resolves	ws	same	0	0	27873	27873	cfcaba832999921f	cfcaba832999921f	d82253d617cc3fe9/d82253d617cc3fe9	intent-capture/intent-capture	1/1	subagent_type|prompt/subagent_type|prompt	-	-
42-path-at-the-very-start-resolves	ws	same	0	0	27880	27880	518a0dc06053231a	518a0dc06053231a	d82253d617cc3fe9/d82253d617cc3fe9	intent-capture/intent-capture	1/1	subagent_type|prompt/subagent_type|prompt	-	-
43-backslash-separators-resolve	ws	same	0	0	27877	27877	6e46407bd0a278dc	6e46407bd0a278dc	d82253d617cc3fe9/d82253d617cc3fe9	intent-capture/intent-capture	1/1	subagent_type|prompt/subagent_type|prompt	-	-
44-mixed-separators-resolve	ws	same	0	0	27875	27875	41982bcee8527533	41982bcee8527533	d82253d617cc3fe9/d82253d617cc3fe9	intent-capture/intent-capture	1/1	subagent_type|prompt/subagent_type|prompt	-	-
45-mdx-suffix-is-rejected	ws	same	0	0	28038	28038	733351ab2788b27c	733351ab2788b27c	b503b83fe1f6fa4f/b503b83fe1f6fa4f	code-generation/code-generation	1/1	subagent_type|prompt/subagent_type|prompt	-	-
46-uppercase-phase-still-matches-but-slug-must-be-exact	ws	same	0	0	27874	27874	e97e7909dc614ec8	e97e7909dc614ec8	d82253d617cc3fe9/d82253d617cc3fe9	intent-capture/intent-capture	1/1	subagent_type|prompt/subagent_type|prompt	-	-
47-unknown-phase-directory-is-rejected	ws	same	0	0	28042	28042	a32c704979435c7c	a32c704979435c7c	b503b83fe1f6fa4f/b503b83fe1f6fa4f	code-generation/code-generation	1/1	subagent_type|prompt/subagent_type|prompt	-	-
48-first-path-in-the-prompt-wins	ws	same	0	0	27917	27917	edbf88e7915a4a81	edbf88e7915a4a81	d82253d617cc3fe9/d82253d617cc3fe9	intent-capture/intent-capture	1/1	subagent_type|prompt/subagent_type|prompt	-	-
49-dotted-basename-is-rejected	ws	same	0	0	28043	28043	3fbab11ed38eb614	3fbab11ed38eb614	b503b83fe1f6fa4f/b503b83fe1f6fa4f	code-generation/code-generation	1/1	subagent_type|prompt/subagent_type|prompt	-	-
50-subagent-two-stages-two-different-bundles	ws	same	0	0	55775	55775	11b4829a90ea915e	11b4829a90ea915e	5059e0882b2d5ece/5059e0882b2d5ece	domain-design/domain-design	2/2	stages/stages	-	-
51-run-in-background-false-is-a-normal-dispatch	ws	same	0	0	28028	28028	525cd01ead72a92b	525cd01ead72a92b	b503b83fe1f6fa4f/b503b83fe1f6fa4f	code-generation/code-generation	1/1	subagent_type|prompt|run_in_background/subagent_type|prompt|run_in_background	-	-
52-stateless-project-dir-missing-rules-is-exit-2	norules	DIFFER	2	0	0	0	-	-	-/-	-/-	0/0	-/-	Cannot load required stage rule "aidlc/spaces/default/memory/org.md" (ENOENT: no such file or directory, open '/private/	-
53-stateless-project-dir-unique-slug-resolves	stateless	same	0	0	15920	15920	ef5c80358a103830	ef5c80358a103830	e27b1768d2c4aaee/e27b1768d2c4aaee	intent-capture/intent-capture	1/1	subagent_type|prompt/subagent_type|prompt	-	-
54-stateless-two-slugs-is-ambiguous-and-binds-nothing	stateless	same	0	0	0	0	-	-	-/-	-/-	0/0	-/-	-	-
55-stateless-no-slug-binds-nothing	stateless	same	0	0	0	0	-	-	-/-	-/-	0/0	-/-	-	-
56-stateless-slug-adjacent-word-char-is-not-a-mention	stateless	same	0	0	0	0	-	-	-/-	-/-	0/0	-/-	-	-
57-stateless-slug-adjacent-hyphen-is-not-a-mention	stateless	same	0	0	0	0	-	-	-/-	-/-	0/0	-/-	-	-
58-stateless-slug-adjacent-underscore-is-a-boundary	stateless	same	0	0	15922	15922	cfca3cc9854f7c6b	cfca3cc9854f7c6b	e27b1768d2c4aaee/e27b1768d2c4aaee	intent-capture/intent-capture	1/1	subagent_type|prompt/subagent_type|prompt	-	-
59-stateless-slug-uppercase-still-matches	stateless	same	0	0	15920	15920	5100514b9cf29ab4	5100514b9cf29ab4	e27b1768d2c4aaee/e27b1768d2c4aaee	intent-capture/intent-capture	1/1	subagent_type|prompt/subagent_type|prompt	-	-
60-stateless-explicit-path-still-outranks	stateless	same	0	0	16049	16049	b453b0825ff42e43	b453b0825ff42e43	cc9801ee4b4c48b6/cc9801ee4b4c48b6	domain-design/domain-design	1/1	subagent_type|prompt/subagent_type|prompt	-	-
61-malformed-json-is-exit-0	ws	same	0	0	0	0	-	-	-/-	-/-	0/0	-/-	-	-
62-empty-stdin-is-exit-0	ws	same	0	0	0	0	-	-	-/-	-/-	0/0	-/-	-	-
63-json-array-stdin	ws	same	0	0	0	0	-	-	-/-	-/-	0/0	-/-	-	-
64-json-null-stdin	ws	DIFFER	1	0	0	0	-	-	-/-	-/-	0/0	-/-	260 | export function dispatchHookOutput( 261 | parsed: HookInput, 262 | projectDir: string, 263 | ): DispatchRuleResult	-
65-fixture-block-matches-the-upstream-capture	fixture	same	0	0	876	876	13db371a0e2308c4	13db371a0e2308c4	3072de5dc9edccbd/3072de5dc9edccbd	code-generation/code-generation	1/1	subagent_type|prompt/subagent_type|prompt	-	-
66-harness-present-but-rules-missing-is-exit-2-on-both-sides	norules-with-harness	stderr-only	2	2	0	0	-	-	-/-	-/-	0/0	-/-	Cannot load required stage rule "aidlc/spaces/default/memory/org.md" (ENOENT: no such file or directory, open '/private/	Cannot load required stage rule "aidlc/spaces/default/memory/org.md" (No such file or directory (os error 2)). The stage
67-bom-prefixed-rule-file	bom	same	0	0	876	876	13db371a0e2308c4	13db371a0e2308c4	3072de5dc9edccbd/3072de5dc9edccbd	code-generation/code-generation	1/1	subagent_type|prompt/subagent_type|prompt	-	-
68-control-characters-in-a-rule-file	ctrl	same	0	0	896	896	306a7f77e317c378	306a7f77e317c378	c2b643e11ab0251c/c2b643e11ab0251c	code-generation/code-generation	1/1	subagent_type|prompt/subagent_type|prompt	-	-
69-numbers-and-non-bmp-text-pass-through-the-envelope	ws	same	0	0	28176	28176	2943818e7cc612c8	2943818e7cc612c8	b503b83fe1f6fa4f/b503b83fe1f6fa4f	code-generation/code-generation	1/1	subagent_type|prompt|n1|n2|n3|n4|n5|n6|n7|n8|nested/subagent_type|prompt|n1|n2|n3|n4|n5|n6|n7|n8|nested	-	-
70-duplicate-keys-take-the-last-value	ws	same	0	0	28004	28004	933a59f1c581ef71	933a59f1c581ef71	b503b83fe1f6fa4f/b503b83fe1f6fa4f	code-generation/code-generation	1/1	prompt|subagent_type/prompt|subagent_type	-	-
71-items-with-only-non-text-entries-still-join-with-newlines	ws	same	0	0	28056	28056	3db9762ee17a61c3	3db9762ee17a61c3	b503b83fe1f6fa4f/b503b83fe1f6fa4f	code-generation/code-generation	1/1	subagent_type|items/subagent_type|items	-	-
72-tool-name-not-a-string	ws	DIFFER	1	0	0	0	-	-	-/-	-/-	0/0	-/-	218 | export function augmentDispatchRules( 219 | toolName: string, 220 | input: Record<string, unknown>, 221 | projectD	-
73-tool-input-is-a-string	ws	same	0	0	0	0	-	-	-/-	-/-	0/0	-/-	-	-
74-tool-input-is-null	ws	same	0	0	0	0	-	-	-/-	-/-	0/0	-/-	-	-
75-subagent-entry-key-order-is-kept	ws	same	0	0	27994	27994	ffc3ae1d535a88d9	ffc3ae1d535a88d9	5059e0882b2d5ece/5059e0882b2d5ece	domain-design/domain-design	1/1	stages|tail/stages|tail	-	-
76-current-stage-separated-by-a-tab	tabstage	DIFFER	0	0	28024	27861	b81afad2249ac588	d232d68ff4d454eb	b503b83fe1f6fa4f/d82253d617cc3fe9	code-generation/intent-capture	1/1	subagent_type|prompt/subagent_type|prompt	-	-
77-current-stage-without-a-space-after-the-colon	nospace	DIFFER	0	0	28024	27861	b81afad2249ac588	d232d68ff4d454eb	b503b83fe1f6fa4f/d82253d617cc3fe9	code-generation/intent-capture	1/1	subagent_type|prompt/subagent_type|prompt	-	-
78-state-file-without-a-current-stage-line	nostage	same	0	0	27861	27861	d232d68ff4d454eb	d232d68ff4d454eb	d82253d617cc3fe9/d82253d617cc3fe9	intent-capture/intent-capture	1/1	subagent_type|prompt/subagent_type|prompt	-	-
79-active-intent-cursor-names-an-absent-record	dangling	DIFFER	0	0	28024	27861	b81afad2249ac588	d232d68ff4d454eb	b503b83fe1f6fa4f/d82253d617cc3fe9	code-generation/intent-capture	1/1	subagent_type|prompt/subagent_type|prompt	-	-
80-rules-dir-override-env	ws	DIFFER	0	0	876	28042	13db371a0e2308c4	db0841b9cedc126b	3072de5dc9edccbd/b503b83fe1f6fa4f	code-generation/code-generation	1/1	subagent_type|prompt/subagent_type|prompt	-	-
81-explicit-path-inside-items	ws	same	0	0	27924	27924	647171d65522cd07	647171d65522cd07	d82253d617cc3fe9/d82253d617cc3fe9	intent-capture/intent-capture	1/1	subagent_type|items/subagent_type|items	-	-
82-subagent-second-entry-unreadable-rule-stops-everything	fixture	stderr-only	2	2	0	0	-	-	-/-	-/-	0/0	-/-	Cannot load required stage rule "aidlc/spaces/default/memory/phases/ideation.md" (ENOENT: no such file or directory, ope	Cannot load required stage rule "aidlc/spaces/default/memory/phases/ideation.md" (No such file or directory (os error 2)
83-body-field-order-is-by-name-not-by-key-position	ws	same	0	0	28015	28015	3bc7d2733034eed8	3bc7d2733034eed8	b503b83fe1f6fa4f/b503b83fe1f6fa4f	code-generation/code-generation	1/1	message|subagent_type|prompt/message|subagent_type|prompt	-	-
84-empty-prompt-does-not-fall-through-to-message	ws	same	0	0	0	0	-	-	-/-	-/-	0/0	-/-	-	-
85-non-string-agent-field-first-stops-the-lookup	ws	same	0	0	0	0	-	-	-/-	-/-	0/0	-/-	-	-
86-preload-fallback-env-does-nothing-under-the-limit	ws	same	0	0	28002	28002	c9806b459c379a76	c9806b459c379a76	b503b83fe1f6fa4f/b503b83fe1f6fa4f	code-generation/code-generation	1/1	subagent_type|prompt/subagent_type|prompt	-	-
87-non-ascii-brief-with-a-slug-mention	stateless	same	0	0	15952	15952	7f2e905e2e08393e	7f2e905e2e08393e	e27b1768d2c4aaee/e27b1768d2c4aaee	intent-capture/intent-capture	1/1	subagent_type|prompt/subagent_type|prompt	-	-
88-non-ascii-brief-with-an-explicit-path	ws	same	0	0	27992	27992	0da719b7bac862f0	0da719b7bac862f0	5059e0882b2d5ece/5059e0882b2d5ece	domain-design/domain-design	1/1	subagent_type|prompt/subagent_type|prompt	-	-
89-explicit-path-followed-by-a-word-char-does-not-match	ws	same	0	0	28068	28068	010d2494661ddefc	010d2494661ddefc	b503b83fe1f6fa4f/b503b83fe1f6fa4f	code-generation/code-generation	1/1	subagent_type|prompt/subagent_type|prompt	-	-
90-two-leading-boms-keep-the-second-one	bom2	same	0	0	879	879	91c1351ce2142584	91c1351ce2142584	892de2e7132e1ebf/892de2e7132e1ebf	code-generation/code-generation	1/1	subagent_type|prompt/subagent_type|prompt	-	-
# same=80 stderr-only=2 differ=7 total=89
